1,AAAAAAAAAAAAAA,AAAAAAAAAAA/AAAAAAA/AAAAAAAAAA,1636669956,1636754191,1636754476,TESTER,3
2,AAAAAAAAAAA-AAAAAAAA/AAAAAA,AAAA-AAAAAAA #BUG,1636670020,0,0,TESTER,1
3,HELLO/ THIS IS MY THIRD REPORT.,MY PROJECT IS COMPLETE.,1636670175,1636670207,1636670244,TESTER,3
4,Bye/ bye!,Thanks for watching!,1636670283,0,0,TESTER,1
5,aaaaaaaaaaaa,aaaaaaaaaaaaaaaaaaaa,1636704959,0,0,TESTER,1
6,asdasdasdasd,asdasdasdasdasd,1636753322,0,0,TESTER,1
7,Some new test?!,New test?! Please/ bro.,1636753693,0,0,TESTER,1
8,AAAAAAAAAAAAA,AAAAAAAAAAAAAAAA,1636754186,0,0,TESTER,1
9,Nov report,Nov report,1636754522,1636754540,1636754562,TESTER,3
10,aaaaaaaaaaa,abbbbbbbbbbbbbb,1636755019,1636755027,1636755038,TESTER,3
11,aaaaaaaaaaaaab,yaaaaaaaaaaaaaaa,1636756217,1636758739,1636758751,TESTER,3
12,testing,teeeeeeeeeeeesting,1636764328,1636764347,0,PROGRAMMER,2
